<?xml version="1.0" encoding="UTF-8"?>
<web-app xmlns:xsi="http://www.w3.org/2001/XMLSchema-instance" xmlns="http://java.sun.com/xml/ns/javaee" xmlns:web="http://java.sun.com/xml/ns/javaee/web-app_2_5.xsd" xsi:schemaLocation="http://java.sun.com/xml/ns/javaee http://java.sun.com/xml/ns/javaee/web-app_2_5.xsd" version="2.5">
  <servlet>
    <description>This is the description of my J2EE component</description>
    <display-name>This is the display name of my J2EE component</display-name>
    <servlet-name>SearchProductCtrl</servlet-name>
    <servlet-class>cn.edu.zhku.phonehub.product.ctrl.SearchProductCtrl</servlet-class>
  </servlet>
  <servlet>
    <description>This is the description of my J2EE component</description>
    <display-name>This is the display name of my J2EE component</display-name>
    <servlet-name>ShowProductDetailCtrl</servlet-name>
    <servlet-class>cn.edu.zhku.phonehub.product.ctrl.ShowProductDetailCtrl</servlet-class>
  </servlet>
  <servlet>
    <description>This is the description of my J2EE component</description>
    <display-name>This is the display name of my J2EE component</display-name>
    <servlet-name>ShowOrderCtrl</servlet-name>
    <servlet-class>cn.edu.zhku.phonehub.order.ctrl.ShowOrderCtrl</servlet-class>
  </servlet>
  <servlet>
    <description>This is the description of my J2EE component</description>
    <display-name>This is the display name of my J2EE component</display-name>
    <servlet-name>CommitOrderCtrl</servlet-name>
    <servlet-class>cn.edu.zhku.phonehub.order.ctrl.CommitOrderCtrl</servlet-class>
  </servlet>
  <servlet>
    <description>This is the description of my J2EE component</description>
    <display-name>This is the display name of my J2EE component</display-name>
    <servlet-name>CreateStoreCtrl</servlet-name>
    <servlet-class>cn.edu.zhku.phonehub.store.ctrl.CreateStoreCtrl</servlet-class>
  </servlet>
  <servlet>
    <description>This is the description of my J2EE component</description>
    <display-name>This is the display name of my J2EE component</display-name>
    <servlet-name>AddProductCtrl</servlet-name>
    <servlet-class>cn.edu.zhku.phonehub.store.ctrl.AddProductCtrl</servlet-class>
  </servlet>
  <servlet>
    <description>This is the description of my J2EE component</description>
    <display-name>This is the display name of my J2EE component</display-name>
    <servlet-name>PayOrderCtrl</servlet-name>
    <servlet-class>cn.edu.zhku.phonehub.order.ctrl.PayOrderCtrl</servlet-class>
  </servlet>
  <servlet>
    <description>This is the description of my J2EE component</description>
    <display-name>This is the display name of my J2EE component</display-name>
    <servlet-name>GetProductCtrl</servlet-name>
    <servlet-class>cn.edu.zhku.phonehub.order.ctrl.GetProductCtrl</servlet-class>
  </servlet>
  <servlet>
    <description>This is the description of my J2EE component</description>
    <display-name>This is the display name of my J2EE component</display-name>
    <servlet-name>StoreSeeAllOrderCtrl</servlet-name>
    <servlet-class>cn.edu.zhku.phonehub.order.ctrl.StoreSeeAllOrderCtrl</servlet-class>
  </servlet>
  <servlet>
    <description>This is the description of my J2EE component</description>
    <display-name>This is the display name of my J2EE component</display-name>
    <servlet-name>StoreSeeOrderCtrl</servlet-name>
    <servlet-class>cn.edu.zhku.phonehub.order.ctrl.StoreSeeOrderCtrl</servlet-class>
  </servlet>
  <servlet>
    <description>This is the description of my J2EE component</description>
    <display-name>This is the display name of my J2EE component</display-name>
    <servlet-name>SendOrderCtrl</servlet-name>
    <servlet-class>cn.edu.zhku.phonehub.order.ctrl.SendOrderCtrl</servlet-class>
  </servlet>
  <servlet>
    <description>This is the description of my J2EE component</description>
    <display-name>This is the display name of my J2EE component</display-name>
    <servlet-name>ModifyOrderCtrl</servlet-name>
    <servlet-class>cn.edu.zhku.phonehub.order.ctrl.ModifyOrderCtrl</servlet-class>
  </servlet>
  <servlet-mapping>
    <servlet-name>ShowProductDetailCtrl</servlet-name>
    <url-pattern>/servlet/ShowProductDetailCtrl</url-pattern>
  </servlet-mapping>
  <servlet-mapping>
    <servlet-name>ShowOrderCtrl</servlet-name>
    <url-pattern>/servlet/ShowOrderCtrl</url-pattern>
  </servlet-mapping>
  <servlet-mapping>
    <servlet-name>CommitOrderCtrl</servlet-name>
    <url-pattern>/servlet/CommitOrderCtrl</url-pattern>
  </servlet-mapping>
  <servlet-mapping>
    <servlet-name>CreateStoreCtrl</servlet-name>
    <url-pattern>/servlet/CreateStoreCtrl</url-pattern>
  </servlet-mapping>
  <servlet-mapping>
    <servlet-name>AddProductCtrl</servlet-name>
    <url-pattern>/servlet/AddProductCtrl</url-pattern>
  </servlet-mapping>
  <servlet-mapping>
    <servlet-name>PayOrderCtrl</servlet-name>
    <url-pattern>/servlet/PayOrderCtrl</url-pattern>
  </servlet-mapping>
  <servlet-mapping>
    <servlet-name>GetProductCtrl</servlet-name>
    <url-pattern>/servlet/GetProductCtrl</url-pattern>
  </servlet-mapping>
  <servlet-mapping>
    <servlet-name>StoreSeeOrderCtrl</servlet-name>
    <url-pattern>/servlet/StoreSeeOrderCtrl</url-pattern>
  </servlet-mapping>
  <servlet-mapping>
    <servlet-name>SearchProductCtrl</servlet-name>
    <url-pattern>/servlet/SearchProductCtrl</url-pattern>
  </servlet-mapping>
  <servlet-mapping>
    <servlet-name>SendOrderCtrl</servlet-name>
    <url-pattern>/servlet/SendOrderCtrl</url-pattern>
  </servlet-mapping>
  <servlet-mapping>
    <servlet-name>ModifyOrderCtrl</servlet-name>
    <url-pattern>/servlet/ModifyOrderCtrl</url-pattern>
  </servlet-mapping>
  <welcome-file-list>
    <welcome-file>index.jsp</welcome-file>
  </welcome-file-list>
  <login-config>
    <auth-method>BASIC</auth-method>
  </login-config>
  <filter>
    <display-name>EnCodingFilter</display-name>
    <filter-name>EnCodingFilter</filter-name>
    <filter-class>cn.edu.zhku.phonehub.filter.EnCodingFilter</filter-class>
  </filter>
  <filter-mapping>
    <filter-name>EnCodingFilter</filter-name>
    <url-pattern>/EnCodingFilter</url-pattern>
  </filter-mapping>
  <servlet>
    <description></description>
    <display-name>AlterCountCtrl</display-name>
    <servlet-name>AlterCountCtrl</servlet-name>
    <servlet-class>cn.edu.zhku.phonehub.store.ctrl.AlterCountCtrl</servlet-class>
  </servlet>
  <servlet-mapping>
    <servlet-name>AlterCountCtrl</servlet-name>
    <url-pattern>/AlterCountCtrl</url-pattern>
  </servlet-mapping>
  <servlet>
    <description></description>
    <display-name>DropProducrCtrl</display-name>
    <servlet-name>DropProducrCtrl</servlet-name>
    <servlet-class>cn.edu.zhku.phonehub.store.ctrl.DropProducrCtrl</servlet-class>
  </servlet>
  <servlet-mapping>
    <servlet-name>DropProducrCtrl</servlet-name>
    <url-pattern>/DropProducrCtrl</url-pattern>
  </servlet-mapping>
  <filter>
    <display-name>AdminFilter</display-name>
    <filter-name>AdminFilter</filter-name>
    <filter-class>cn.edu.zhku.phonehub.filter.AdminFilter</filter-class>
  </filter>
  <filter-mapping>
    <filter-name>AdminFilter</filter-name>
    <url-pattern>/AdminFilter</url-pattern>
  </filter-mapping>
  <servlet>
    <description></description>
    <display-name>GetStoreListCtrl</display-name>
    <servlet-name>GetStoreListCtrl</servlet-name>
    <servlet-class>cn.edu.zhku.phonehub.store.ctrl.GetStoreListCtrl</servlet-class>
  </servlet>
  <servlet-mapping>
    <servlet-name>GetStoreListCtrl</servlet-name>
    <url-pattern>/GetStoreListCtrl</url-pattern>
  </servlet-mapping>
  <servlet>
    <description></description>
    <display-name>GetStoreDetail</display-name>
    <servlet-name>GetStoreDetail</servlet-name>
    <servlet-class>cn.edu.zhku.phonehub.store.ctrl.GetStoreDetail</servlet-class>
  </servlet>
  <servlet-mapping>
    <servlet-name>GetStoreDetail</servlet-name>
    <url-pattern>/GetStoreDetail</url-pattern>
  </servlet-mapping>
  <servlet>
    <description></description>
    <display-name>PassApplyCtrl</display-name>
    <servlet-name>PassApplyCtrl</servlet-name>
    <servlet-class>cn.edu.zhku.phonehub.store.ctrl.PassApplyCtrl</servlet-class>
  </servlet>
  <servlet-mapping>
    <servlet-name>PassApplyCtrl</servlet-name>
    <url-pattern>/PassApplyCtrl</url-pattern>
  </servlet-mapping>
  <servlet>
    <description></description>
    <display-name>RefuseApplyCtrl</display-name>
    <servlet-name>RefuseApplyCtrl</servlet-name>
    <servlet-class>cn.edu.zhku.phonehub.store.ctrl.RefuseApplyCtrl</servlet-class>
  </servlet>
  <servlet-mapping>
    <servlet-name>RefuseApplyCtrl</servlet-name>
    <url-pattern>/RefuseApplyCtrl</url-pattern>
  </servlet-mapping>
  <servlet>
    <description></description>
    <display-name>SuspendSaleCtrl</display-name>
    <servlet-name>SuspendSaleCtrl</servlet-name>
    <servlet-class>cn.edu.zhku.phonehub.store.SuspendSaleCtrl</servlet-class>
  </servlet>
  <servlet-mapping>
    <servlet-name>SuspendSaleCtrl</servlet-name>
    <url-pattern>/SuspendSaleCtrl</url-pattern>
  </servlet-mapping>
  <servlet>
    <description></description>
    <display-name>getProductList</display-name>
    <servlet-name>getProductList</servlet-name>
    <servlet-class>cn.edu.zhku.phonehub.store.ctrl.getProductList</servlet-class>
  </servlet>
  <servlet-mapping>
    <servlet-name>getProductList</servlet-name>
    <url-pattern>/getProductList</url-pattern>
  </servlet-mapping>
  <servlet>
    <description></description>
    <display-name>GetProductListCtrl</display-name>
    <servlet-name>GetProductListCtrl</servlet-name>
    <servlet-class>cn.edu.zhku.phonehub.store.ctrl.GetProductListCtrl</servlet-class>
  </servlet>
  <servlet-mapping>
    <servlet-name>GetProductListCtrl</servlet-name>
    <url-pattern>/GetProductListCtrl</url-pattern>
  </servlet-mapping>
</web-app>